john,"('127.0.0.1', 59490)"
john,"('127.0.0.1', 59488)"
john90Unable to create account: This username is already taken.E0Invalid operation. Please input your request as [operation]|[params].E0Invalid operation. Please input your request as [operation]|[params].E0Invalid operation. Please input your request as [operation]|[params].E0Invalid operation. Please input your request as [operation]|[params].E0Invalid operation. Please input your request as [operation]|[params].E0Invalid operation. Please input your request as [operation]|[params].,"('127.0.0.1', 59489)"
john,"('127.0.0.1', 59495)"
john,"('127.0.0.1', 59493)"
phil,"('127.0.0.1', 60049)"
phil,"('127.0.0.1', 60047)"
mike,"('127.0.0.1', 60121)"
mike,"('127.0.0.1', 60119)"
mike,"('127.0.0.1', 60147)"
mike,"('127.0.0.1', 60145)"
hi,"('127.0.0.1', 60390)"
john,"('127.0.0.1', 60912)"
mike,"('127.0.0.1', 61287)"
mike,"('127.0.0.1', 61285)"
phil,"('127.0.0.1', 61294)"
phil,"('127.0.0.1', 61292)"
phil,"('127.0.0.1', 61310)"
phil,"('127.0.0.1', 61308)"
ream,"('127.0.0.1', 61335)"
mike,"('127.0.0.1', 62035)"
mike,"('127.0.0.1', 62033)"
phil,"('127.0.0.1', 62042)"
phil,"('127.0.0.1', 62040)"
will,"('127.0.0.1', 62162)"
will,"('127.0.0.1', 62160)"
mike,"('127.0.0.1', 62167)"
mando,"('127.0.0.1', 62243)"
mando,"('127.0.0.1', 62241)"
mark,"('127.0.0.1', 62254)"
son,"('127.0.0.1', 62324)"
son,"('127.0.0.1', 62322)"
rosie,"('127.0.0.1', 62329)"
brian,"('127.0.0.1', 62335)"
rosie,"('127.0.0.1', 62399)"
rosie,"('127.0.0.1', 62395)"
will,"('127.0.0.1', 62402)"
phil,"('127.0.0.1', 62642)"
phil|None|None,"('127.0.0.1', 62640)"
mark,"('127.0.0.1', 62647)"
mark|None|None,"('127.0.0.1', 62640)"
mike,"('127.0.0.1', 62657)"
phil,"('127.0.0.1', 62742)"
phil,"('127.0.0.1', 62748)"
phil,"('127.0.0.1', 62757)"
will,"('127.0.0.1', 62838)"
will,"('127.0.0.1', 62849)"
will,"('127.0.0.1', 62847)"
phil,"('127.0.0.1', 62852)"
phil,"('127.0.0.1', 62847)"
will,"('127.0.0.1', 62878)"
will,"('127.0.0.1', 62874)"
jo,"('127.0.0.1', 62879)"
jo,"('127.0.0.1', 62874)"
mike,"('127.0.0.1', 62910)"
mike,"('127.0.0.1', 62908)"
jo,"('127.0.0.1', 62913)"
mike,"('127.0.0.1', 62977)"
mike,"('127.0.0.1', 62975)"
mike,"('127.0.0.1', 62992)"
mike,"('127.0.0.1', 62990)"
jane,"('127.0.0.1', 62999)"
sean,"('127.0.0.1', 63074)"
will,"('127.0.0.1', 63092)"
hi,"('127.0.0.1', 63371)"
mike,"('127.0.0.1', 64399)"
phil,"('127.0.0.1', 64453)"
hi,"('127.0.0.1', 64498)"
hi,"('127.0.0.1', 64643)"
john,"('10.250.0.195', 49275)"
mike,"('10.250.0.195', 49279)"
john,"('10.250.0.195', 49377)"
mike,"('10.250.0.195', 49380)"
john,"('10.250.0.195', 49390)"
mike,"('10.250.0.195', 49391)"
wanda,"('10.250.0.195', 49414)"
bill,"('10.250.0.195', 49415)"
bill,"('10.250.0.195', 49581)"
john,"('10.250.0.195', 51806)"
phil,"('10.250.0.195', 51810)"
mike,"('10.250.0.195', 51891)"
jill,"('10.250.0.195', 51893)"
mike,"('10.250.0.195', 51903)"
jake,"('10.250.0.195', 51905)"
lara,"('10.250.0.195', 51914)"
john,"('10.250.0.195', 51918)"
john,"('10.250.0.195', 51922)"
mike,"('10.250.0.195', 51944)"
mike,"('10.250.0.195', 51942)"
jill,"('10.250.0.195', 51955)"
jill,"('10.250.0.195', 51953)"
jill,"('10.250.0.195', 51970)"
jill,"('10.250.0.195', 51968)"
phil,"('10.250.0.195', 51999)"
phil,"('10.250.0.195', 51997)"
hi,"('10.250.0.195', 52040)"
hello,"('10.250.0.195', 52046)"
john,"('10.250.0.195', 52057)"
hi,"('10.250.0.195', 52068)"
hello,"('10.250.0.195', 52071)"
hello,"('10.250.0.195', 52162)"
hello,"('10.250.0.195', 52171)"
hello,"('10.250.0.195', 52175)"
john,"('10.250.0.195', 52328)"
john,"('10.250.0.195', 52369)"
john,"('10.250.0.195', 52381)"
john,"('10.250.0.195', 52386)"
john,"('10.250.0.195', 52384)"
mike,"('10.250.0.195', 52419)"
mike,"('10.250.0.195', 52417)"
hello,"('10.250.0.195', 52878)"
john,"('10.250.0.195', 52883)"
john,"('10.250.0.195', 52881)"
john,"('10.250.0.195', 52901)"
mike,"('10.250.0.195', 53192)"
mike,"('10.250.0.195', 53190)"
mike,"('10.250.0.195', 53197)"
mike,"('10.250.0.195', 53195)"
john,"('10.250.0.195', 53230)"
john,"('10.250.0.195', 53228)"
phil,"('10.250.0.195', 53239)"
mike,"('10.250.0.195', 53257)"
john,"('10.250.0.195', 53260)"
john,"('10.250.0.195', 53258)"
stella,"('10.250.0.195', 53265)"
hello,"('10.250.0.195', 53793)"
marshall,"('10.250.0.195', 53933)"
marshall,"('10.250.0.195', 53929)"
nick,"('10.250.0.195', 53946)"
